City_ID,City,Country,Lat,Lng,Max Temp,Humidity,Cloudiness,Wind Speed,Current Description
0,Rikitea,PF,-23.1203,-134.9692,75.4,71,100,22.79,overcast clouds
1,Yar-Sale,RU,66.8333,70.8333,-8.81,90,44,9.48,scattered clouds
2,Tuktoyaktuk,CA,69.4541,-133.0374,5.0,78,20,10.36,few clouds
3,Carnarvon,AU,-24.8667,113.6333,71.67,88,90,8.05,overcast clouds
4,Port Alfred,ZA,-33.5906,26.891,67.48,74,74,14.94,broken clouds
5,Vanimo,PG,-2.6741,141.3028,77.76,90,100,6.51,overcast clouds
6,Punta Arenas,CL,-53.15,-70.9167,51.91,46,40,35.68,scattered clouds
7,Yangambi,CD,0.8102,24.4336,71.76,97,100,2.71,overcast clouds
8,Cape Town,ZA,-33.9258,18.4232,65.26,75,20,8.99,few clouds
9,Aklavik,CA,68.2191,-135.0107,11.12,85,75,3.44,broken clouds
10,Yellowknife,CA,62.456,-114.3525,-14.28,84,20,14.97,few clouds
11,Bethel,US,41.3712,-73.414,42.55,45,1,1.99,clear sky
12,Wewak,PG,-3.5534,143.6268,77.77,90,100,6.17,overcast clouds
13,Camacha,PT,33.0833,-16.3333,60.22,55,40,8.05,scattered clouds
14,Bengkulu,ID,-3.8004,102.2655,74.97,87,41,4.34,scattered clouds
15,Yekaterinovka,RU,52.0508,44.3451,31.15,91,100,16.98,overcast clouds
16,Kapaa,US,22.0752,-159.319,78.78,87,75,1.01,light rain
17,Thompson,CA,55.7435,-97.8558,-23.64,76,1,3.44,clear sky
18,Shingu,JP,33.7333,135.9833,50.88,85,8,8.01,clear sky
19,Tarancon,ES,40.0085,-3.0073,49.5,85,100,19.73,overcast clouds
20,Mehamn,NO,71.0357,27.8492,21.38,63,0,29.93,clear sky
21,Hidrolandia,BR,-4.4081,-40.4378,95.13,32,100,9.91,overcast clouds
22,Ushuaia,AR,-54.8,-68.3,49.62,65,75,27.63,light intensity drizzle
23,College,US,64.8569,-147.8028,19.38,83,90,0.0,light snow
24,Norman Wells,CA,65.282,-126.8329,-0.36,71,75,6.91,light snow
25,Ocampo,MX,21.65,-101.5,70.95,23,100,11.36,overcast clouds
26,Haines Junction,CA,60.7522,-137.5108,22.95,80,100,8.05,light snow
27,Kholodnyy,RU,62.7167,147.95,-24.0,98,100,3.8,overcast clouds
28,Puerto Ayora,EC,-0.7393,-90.3518,80.56,77,91,9.44,overcast clouds
29,Windsor,CA,42.3001,-83.0165,25.14,59,40,1.99,scattered clouds
30,Waingapu,ID,-9.6567,120.2641,78.71,88,81,4.36,broken clouds
31,Dikson,RU,73.5069,80.5464,-8.99,95,100,19.44,overcast clouds
32,Kuah,MY,6.3265,99.8432,80.58,74,20,6.91,few clouds
33,Bandarbeyla,SO,9.4942,50.8122,76.77,69,54,18.7,broken clouds
34,Tevriz,RU,57.509,72.4042,-6.43,97,8,4.88,clear sky
35,Butaritari,KI,3.0707,172.7902,82.53,77,83,15.08,broken clouds
36,Kyra,RU,49.5776,111.9753,9.14,88,31,3.06,scattered clouds
37,Puerto Escondido,MX,15.85,-97.0667,85.03,65,1,5.75,clear sky
38,Hun,LY,29.1268,15.9477,52.05,45,0,9.64,clear sky
39,Tyrma,RU,50.0833,132.1667,-2.29,100,100,0.89,overcast clouds
40,Airai,TL,-8.9266,125.4092,60.62,93,53,1.61,broken clouds
41,Lingao,CN,19.9103,109.6859,68.97,86,100,12.06,overcast clouds
42,Buala,SB,-8.145,159.5921,78.21,93,100,8.23,moderate rain
43,Morehead,US,37.2711,-87.1764,40.86,48,1,3.0,clear sky
44,Ribeira Grande,PT,38.5167,-28.7,61.2,59,20,9.22,few clouds
45,Jamestown,US,42.097,-79.2353,30.09,83,90,7.0,light snow
46,Sonoita,MX,31.85,-112.8333,73.53,20,12,21.3,few clouds
47,Qaanaaq,GL,77.484,-69.3632,12.65,68,94,10.29,overcast clouds
48,Asau,RO,46.4333,26.4,34.39,77,100,5.86,overcast clouds
49,Hermanus,ZA,-34.4187,19.2345,66.9,81,100,14.7,overcast clouds
50,Leningradskiy,RU,69.3833,178.4167,-8.46,78,100,12.86,overcast clouds
51,Sangar,RU,63.9242,127.4739,-41.03,95,47,3.96,scattered clouds
52,Chokurdakh,RU,70.6333,147.9167,-28.14,100,100,2.08,overcast clouds
53,Atuona,PF,-9.8,-139.0333,78.03,77,11,19.42,few clouds
54,Turukhansk,RU,65.8167,87.9833,-26.72,95,94,4.61,overcast clouds
55,New Norfolk,AU,-42.7826,147.0587,44.1,71,99,1.81,overcast clouds
56,Hilo,US,19.7297,-155.09,77.4,43,75,8.05,light rain
57,Seoul,KR,37.5683,126.9778,33.31,97,1,4.61,mist
58,Tuatapere,NZ,-46.1333,167.6833,54.82,77,49,4.45,scattered clouds
59,Micheweni,TZ,-4.9667,39.8333,80.08,79,85,7.72,overcast clouds
60,Zunyi,CN,27.6867,106.9072,45.64,75,100,5.77,overcast clouds
61,Hithadhoo,MV,-0.6,73.0833,81.91,80,100,12.8,overcast clouds
62,Upernavik,GL,72.7868,-56.1549,12.24,88,100,4.9,overcast clouds
63,Cabo San Lucas,MX,22.8909,-109.9124,83.52,45,40,4.0,scattered clouds
64,Esperance,AU,-33.8667,121.9,53.44,73,100,16.28,overcast clouds
65,Coquimbo,CL,-29.9533,-71.3436,65.93,63,20,12.66,few clouds
66,Tarko-Sale,RU,64.9225,77.785,-1.12,97,97,10.25,overcast clouds
67,Mataura,NZ,-46.1927,168.8643,54.48,73,100,2.42,overcast clouds
68,East London,ZA,-33.0153,27.9116,67.14,77,0,5.75,clear sky
69,Anahuac,MX,27.2333,-100.15,65.7,31,2,7.99,clear sky
70,Aksha,RU,50.2814,113.2867,8.65,93,61,2.51,broken clouds
71,Sao Filipe,CV,14.8961,-24.4956,77.59,65,10,9.06,clear sky
72,Kirovskiy,RU,45.0917,133.5136,9.55,95,9,3.51,clear sky
73,Hasaki,JP,35.7333,140.8333,50.4,84,100,34.87,light rain
74,North Branch,US,45.5113,-92.9802,17.98,82,100,6.4,overcast clouds
75,Miyako,JP,39.6367,141.9525,50.61,86,100,11.01,overcast clouds
76,Barrow,US,71.2906,-156.7887,17.62,79,90,23.02,haze
77,Opuwo,NA,-18.0607,13.84,75.61,24,10,10.18,clear sky
78,Khatanga,RU,71.9667,102.5,-7.38,97,100,10.56,overcast clouds
79,Zhigansk,RU,66.7697,123.3711,-28.89,96,100,14.14,overcast clouds
80,Lebu,CL,-37.6167,-73.65,62.29,70,0,11.03,clear sky
81,Saint-Philippe,RE,-21.3585,55.7679,78.39,83,37,10.92,light rain
82,Luderitz,NA,-26.6481,15.1594,64.71,75,0,16.55,clear sky
83,Albany,US,42.6001,-73.9662,37.45,72,100,1.01,overcast clouds
84,Busselton,AU,-33.65,115.3333,63.05,62,8,17.43,clear sky
85,Kavieng,PG,-2.5744,150.7967,82.31,82,100,12.71,light rain
86,Gamba,GA,-2.65,10.0,77.76,91,100,5.28,light rain
87,Taltal,CL,-25.4,-70.4833,68.5,68,28,10.0,scattered clouds
88,Pishin,PK,30.5803,66.9961,44.17,21,0,2.55,clear sky
89,Lata,PT,40.1629,-8.3327,57.92,95,100,12.08,overcast clouds
90,Anadyr,RU,64.75,177.4833,-15.52,75,0,8.95,clear sky
91,Lompoc,US,34.6391,-120.4579,63.57,84,90,0.0,mist
92,Rusape,ZW,-18.5278,32.1284,72.36,43,71,7.78,broken clouds
93,Torbay,CA,47.6666,-52.7314,59.77,90,90,39.12,light rain
94,Lorengau,PG,-2.0226,147.2712,81.39,85,100,15.21,overcast clouds
95,Sur,OM,22.5667,59.5289,73.4,65,0,6.8,clear sky
96,Rundu,NA,-17.9333,19.7667,69.85,61,92,7.31,overcast clouds
97,Ponta Do Sol,PT,32.6667,-17.1,64.71,70,100,3.65,overcast clouds
98,Trairi,BR,-3.2778,-39.2689,85.62,64,6,14.58,clear sky
99,Chabahar,IR,25.2919,60.643,73.47,64,0,2.28,clear sky
100,Pafos,CY,34.7667,32.4167,67.78,64,40,16.11,light rain
101,Mar Del Plata,AR,-38.0023,-57.5575,73.42,89,20,28.01,few clouds
102,Nouadhibou,MR,20.931,-17.0347,71.58,49,78,11.5,broken clouds
103,Rawson,AR,-43.3002,-65.1023,92.64,26,100,11.52,overcast clouds
104,Goderich,CA,43.7501,-81.7165,25.21,68,100,11.5,overcast clouds
105,Cayenne,GF,4.9333,-52.3333,87.84,81,0,4.0,clear sky
106,Urumqi,CN,43.801,87.6005,25.75,74,100,6.71,light snow
107,Ancud,CL,-41.8697,-73.8203,76.42,80,100,10.33,overcast clouds
108,Hobart,AU,-42.8794,147.3294,44.46,85,75,1.99,broken clouds
109,Mahebourg,MU,-20.4081,57.7,79.09,73,40,6.91,scattered clouds
110,Adrar,MR,20.5022,-10.0711,69.12,11,100,11.7,overcast clouds
111,Nueva Helvecia,UY,-34.3,-57.2333,82.6,38,0,10.67,clear sky
112,Shanghai,CN,31.2222,121.4581,53.47,69,75,1.01,broken clouds
113,Ballina,AU,-28.8667,153.5667,67.96,93,90,4.61,overcast clouds
114,Kahului,US,20.8947,-156.47,76.84,95,75,17.27,mist
115,San Patricio,US,28.017,-97.5169,64.49,48,0,1.34,clear sky
116,Rocha,UY,-34.4833,-54.3333,73.56,42,0,15.01,clear sky
117,Sorland,NO,67.667,12.6934,24.87,67,100,17.05,overcast clouds
118,Sauk Rapids,US,45.5919,-94.1661,16.2,80,90,1.01,light snow
119,Aksu,CN,41.1231,80.2644,30.79,39,100,0.81,overcast clouds
120,Mercedes,AR,-34.6515,-59.4307,86.18,22,0,12.12,clear sky
121,Bac Lieu,VN,9.285,105.7244,75.69,86,94,2.77,overcast clouds
122,Yeppoon,AU,-23.1333,150.7333,74.98,84,67,2.93,broken clouds
123,Pevek,RU,69.7008,170.3133,-14.17,99,100,5.7,overcast clouds
124,Grindavik,IS,63.8424,-22.4338,30.67,93,20,13.8,few clouds
125,Isangel,VU,-19.55,169.2667,75.31,88,4,2.3,clear sky
126,Bredasdorp,ZA,-34.5322,20.0403,64.27,77,100,8.05,light rain
127,Mwinilunga,ZM,-11.7358,24.4293,63.18,97,100,3.36,moderate rain
128,Dingle,PH,10.9995,122.6711,73.26,94,100,9.89,overcast clouds
129,Makasar,ID,-5.14,119.4221,75.25,100,20,3.44,few clouds
130,Faanui,PF,-16.4833,-151.75,80.51,75,6,7.72,clear sky
131,Tasiilaq,GL,65.6145,-37.6368,26.76,63,11,8.41,few clouds
132,Smolenka,RU,52.1352,113.4974,3.27,92,15,0.0,few clouds
133,North Platte,US,41.1239,-100.7654,37.99,51,1,3.0,clear sky
134,Strezhevoy,RU,60.7333,77.5889,-5.03,95,100,10.4,overcast clouds
135,Ginda,IN,30.6945,78.4932,42.67,32,0,7.45,clear sky
136,Ustikolina,BA,43.5836,18.79,33.37,98,99,2.8,overcast clouds
137,Bathsheba,BB,13.2167,-59.5167,84.81,65,40,25.32,scattered clouds
138,Bluff,NZ,-46.6,168.3333,54.81,80,100,6.98,overcast clouds
139,Kodiak,US,57.79,-152.4072,31.51,51,1,40.29,clear sky
140,Jieshi,CN,22.8134,115.8257,61.43,68,0,21.09,clear sky
141,Byron Bay,AU,-28.65,153.6167,74.05,90,99,7.45,overcast clouds
142,Xudat,AZ,41.631,48.681,49.06,75,66,1.81,broken clouds
143,Cananeia,BR,-25.0147,-47.9267,71.15,78,24,13.04,few clouds
144,Castro,BR,-24.7911,-50.0119,64.31,76,75,12.71,broken clouds
145,Shache,CN,38.4167,77.2406,32.59,32,100,1.39,overcast clouds
146,Pacific Grove,US,36.6177,-121.9166,60.51,88,100,1.01,overcast clouds
147,Chirongui,YT,-12.9319,45.1483,80.53,76,62,11.48,broken clouds
148,Teplodar,UA,46.5059,30.3252,51.44,95,100,5.48,overcast clouds
149,Lashio,MM,22.9333,97.75,58.06,98,4,0.87,clear sky
150,Los Llanos De Aridane,ES,28.6585,-17.9182,63.12,75,75,13.0,volcanic ash
151,Laredo,US,27.5064,-99.5075,71.6,29,1,3.44,clear sky
152,Lervik,GB,60.1545,-1.1494,42.8,72,100,25.75,overcast clouds
153,Makakilo City,US,21.3469,-158.0858,70.12,88,90,4.61,light rain
154,Chipinge,ZW,-20.1883,32.6236,69.44,75,92,5.35,light rain
155,Saint George,US,37.1041,-113.5841,59.63,33,20,3.0,few clouds
156,Springbok,ZA,-29.6643,17.8865,70.93,40,0,6.06,clear sky
157,Cherskiy,RU,68.75,161.3,-44.43,100,89,1.1,overcast clouds
158,Kimbe,PG,-5.5502,150.1429,76.42,93,100,2.24,overcast clouds
159,Mount Gambier,AU,-37.8333,140.7667,39.11,87,6,5.75,clear sky
160,Bronnoysund,NO,65.4625,12.1997,24.8,58,0,17.27,clear sky
161,Guayaramerin,BO,-10.8368,-65.3614,86.05,66,40,4.61,scattered clouds
162,Aykhal,RU,66.0,111.5,-19.14,100,85,2.06,overcast clouds
163,Shasta Lake,US,40.6804,-122.3708,60.82,67,0,1.01,clear sky
164,Broome,US,42.2506,-75.833,34.63,64,90,4.0,overcast clouds
165,Sadasivpet,IN,17.6212,77.9503,72.41,57,83,7.47,broken clouds
166,Joensuu,FI,62.6012,29.7632,13.26,85,90,5.75,light snow
167,Tiksi,RU,71.6872,128.8694,-23.85,95,100,7.61,overcast clouds
168,Atyrau,KZ,47.1167,51.8833,41.02,87,75,15.66,mist
169,Dzilam Gonzalez,MX,21.2833,-88.9333,90.77,47,21,5.64,few clouds
170,Skoczow,PL,49.8009,18.7877,32.14,97,44,4.21,scattered clouds
171,Alytus,LT,54.4,24.05,12.11,88,6,3.62,clear sky
172,Tecoanapa,MX,16.5167,-98.75,83.5,67,0,7.34,clear sky
173,Maldonado,UY,-34.6667,-54.9167,76.39,33,0,16.24,clear sky
174,Mount Isa,AU,-20.7333,139.5,80.37,57,75,5.75,light rain
175,Uva,RU,56.9908,52.1852,11.62,73,100,8.14,overcast clouds
176,Machico,PT,32.7,-16.7667,64.71,77,75,4.61,broken clouds
177,Maniitsoq,GL,65.4167,-52.9,15.62,72,0,19.01,clear sky
178,Koygorodok,RU,60.445,50.9968,5.61,92,100,5.46,overcast clouds
179,Lavrentiya,RU,65.5833,-171.0,-2.07,81,35,6.06,scattered clouds
180,Katobu,ID,-4.9408,122.5276,74.86,93,100,5.26,overcast clouds
181,San Andres,CO,12.5847,-81.7006,86.02,70,40,17.27,scattered clouds
182,Chuy,UY,-33.6971,-53.4616,70.2,53,0,14.63,clear sky
183,Helong,CN,42.5397,128.9972,22.5,75,1,5.08,clear sky
184,Wau,SS,7.7029,27.9953,85.14,25,98,5.03,overcast clouds
185,Fuling,CN,29.7022,107.3919,53.8,67,100,1.92,overcast clouds
186,Los Negros,BO,-17.7333,-63.4333,91.53,35,47,3.58,scattered clouds
187,Atambua,ID,-9.1061,124.8925,74.01,86,47,2.89,scattered clouds
188,General Pico,AR,-35.6566,-63.7568,90.28,27,0,17.31,clear sky
189,Choszczno,PL,53.169,15.4205,27.43,94,68,12.1,broken clouds
190,Birao,CF,10.2849,22.7882,79.59,22,5,5.77,clear sky
191,Hualmay,PE,-11.0964,-77.6139,72.45,74,74,10.78,broken clouds
192,Matadi,CD,-5.8167,13.45,78.82,92,14,4.23,light rain
193,Naze,JP,28.3667,129.4833,61.29,58,3,18.77,clear sky
194,Quebo,GW,11.3333,-14.9333,81.1,67,46,6.31,scattered clouds
195,Corinto,GR,37.9407,22.9573,56.89,69,73,1.99,broken clouds
196,Quelimane,MZ,-17.8786,36.8883,84.15,70,0,17.27,clear sky
197,Vaini,TO,-21.2,-175.2,75.36,88,75,10.36,light rain
198,Kamina,CD,-8.7386,24.9906,64.87,98,100,3.58,light rain
199,Uryupinsk,RU,50.8047,42.0138,34.61,95,100,16.98,overcast clouds
200,Sharjah,AE,25.3573,55.4033,75.18,74,0,3.44,clear sky
201,Namatanai,PG,-3.6667,152.4333,79.27,87,100,10.78,overcast clouds
202,The Valley,AI,18.217,-63.0578,84.06,69,40,14.97,scattered clouds
203,Deputatskiy,RU,69.3,139.9,-30.19,94,100,4.32,overcast clouds
204,Ust-Tarka,RU,55.5672,75.705,-8.0,98,10,7.78,clear sky
205,Arraial Do Cabo,BR,-22.9661,-42.0278,75.06,73,90,8.05,overcast clouds
206,Changde,CN,29.0464,111.6783,49.1,47,95,5.59,overcast clouds
207,Kudahuvadhoo,MV,2.6708,72.8944,81.72,80,100,9.6,overcast clouds
208,Santa Cruz,BO,-17.8,-63.1667,91.45,46,40,12.66,scattered clouds
209,Oga,IT,46.4631,10.347,22.28,52,12,3.49,few clouds
210,Yalta,UA,44.5,34.1667,55.62,70,33,10.42,scattered clouds
211,Provideniya,RU,64.3833,-173.3,3.79,76,94,5.17,overcast clouds
212,Mpika,ZM,-11.8343,31.4529,73.99,34,35,10.02,scattered clouds
213,Jimma,ET,7.6667,36.8333,61.21,41,10,1.48,clear sky
214,Kabompo,ZM,-13.5927,24.2008,69.06,78,100,5.06,light rain
215,Caravelas,BR,-17.7125,-39.2481,74.23,93,100,6.71,overcast clouds
216,Lakatoro,VU,-16.0999,167.4164,80.65,82,78,5.57,broken clouds
217,Derzhavinsk,KZ,51.1,66.3167,-9.35,100,55,3.47,broken clouds
218,San Quintin,MX,30.4833,-115.95,63.43,69,85,8.79,overcast clouds
219,Srednekolymsk,RU,67.45,153.6833,-28.05,97,100,4.72,overcast clouds
220,Benghazi,LY,32.1167,20.0667,63.99,52,100,31.81,overcast clouds
221,Vila Velha,BR,-20.3297,-40.2925,73.35,95,90,8.99,heavy intensity rain
222,Tam Ky,VN,15.5667,108.4833,69.78,84,100,5.79,overcast clouds
223,Avarua,CK,-21.2078,-159.775,77.05,88,90,4.61,light rain
224,Kruisfontein,ZA,-34.0033,24.7314,60.89,87,33,3.06,scattered clouds
225,Georgetown,MY,5.4112,100.3354,79.9,82,20,3.0,few clouds
226,Nikolskoye,RU,59.7035,30.7861,6.69,100,91,4.43,overcast clouds
227,Paamiut,GL,61.994,-49.6678,6.89,74,100,9.4,overcast clouds
228,Fairbanks,US,64.8378,-147.7164,19.4,84,90,0.0,light snow
229,Barrhead,GB,55.7992,-4.3929,41.05,85,75,7.0,broken clouds
230,Mansa,IN,29.9833,75.3833,58.26,44,5,4.94,clear sky
231,Sembe,CG,1.6481,14.5806,75.38,84,38,2.46,scattered clouds
232,Cairns,AU,-16.9167,145.7667,78.75,87,40,8.05,scattered clouds
233,Ashland,US,40.8167,-82.2665,27.88,71,100,7.63,overcast clouds
234,Zhoucheng,CN,35.9122,116.3117,38.66,58,100,2.53,overcast clouds
235,Vila Franca Do Campo,PT,37.7167,-25.4333,61.21,72,22,11.48,few clouds
236,Clyde River,CA,70.4692,-68.5914,7.03,78,22,3.44,few clouds
237,Sao Jose Da Coroa Grande,BR,-8.8978,-35.1478,82.0,66,11,12.95,few clouds
238,Leshukonskoye,RU,64.8989,45.7622,-1.75,99,64,4.0,broken clouds
239,Aksarka,RU,66.5606,67.7975,-13.61,99,35,5.95,scattered clouds
240,Pavlodar,KZ,52.3,76.95,-0.6,85,40,8.95,scattered clouds
241,Launceston,AU,-41.45,147.1667,48.79,87,100,10.36,overcast clouds
242,Soyo,AO,-6.1349,12.3689,82.45,86,6,8.19,clear sky
243,Umm Lajj,SA,25.0213,37.2685,76.82,63,49,6.62,scattered clouds
244,Vardo,NO,70.3705,31.1107,12.18,73,0,27.63,clear sky
245,Marzuq,YE,14.4,46.4667,62.53,24,3,1.25,clear sky
246,Olinda,BR,-8.0089,-34.8553,83.93,70,40,8.05,scattered clouds
247,Banda Aceh,ID,5.5577,95.3222,77.92,84,8,9.08,clear sky
248,Port Elizabeth,ZA,-33.918,25.5701,63.1,77,0,3.44,clear sky
249,Mogzon,RU,51.7435,111.9606,5.97,95,10,0.63,clear sky
250,Nome,US,64.5011,-165.4064,-8.07,96,39,5.75,scattered clouds
251,Pangody,RU,65.85,74.4859,-1.66,95,99,15.55,overcast clouds
252,Bardiyah,LY,31.7561,25.0865,59.5,55,6,23.69,clear sky
253,Bangui,CF,4.3612,18.555,77.32,75,57,3.78,broken clouds
254,Suoyarvi,RU,62.0833,32.35,13.87,96,100,4.65,light snow
255,Tres Arroyos,AR,-38.3739,-60.2798,87.84,29,0,16.96,clear sky
256,Wundanyi,KE,-3.4019,38.364,63.28,85,95,4.76,light rain
257,Nueva Loja,EC,0.0847,-76.8828,81.88,100,90,8.05,overcast clouds
258,Marawi,PH,7.9986,124.2928,65.64,94,100,1.74,overcast clouds
259,Port Hawkesbury,CA,45.6169,-61.3485,44.19,59,20,11.01,few clouds
260,Taganak,PH,6.0833,118.3,77.14,73,100,8.77,overcast clouds
261,Beringovskiy,RU,63.05,179.3167,-13.0,95,68,3.09,broken clouds
262,Xinmin,CN,41.9908,122.8253,26.85,59,0,6.15,clear sky
263,Santa Isabel,BR,-23.3156,-46.2214,66.65,93,99,10.04,overcast clouds
264,Mattru,SL,7.6244,-11.8332,79.63,78,68,3.91,broken clouds
265,Yamada,JP,39.4667,141.95,50.5,87,100,11.25,light rain
266,Saldanha,ZA,-33.0117,17.9442,66.25,85,48,24.07,scattered clouds
267,Pa Sang,TH,18.5262,98.9394,66.49,84,5,0.29,clear sky
268,Vila,PT,42.0304,-8.1588,43.68,93,100,8.72,overcast clouds
269,Cibinong,ID,-6.4817,106.8542,78.13,88,11,2.17,few clouds
270,Katsuura,JP,35.1333,140.3,53.62,94,100,29.57,overcast clouds
271,Vallenar,CL,-28.5708,-70.7581,83.17,30,99,10.4,overcast clouds
272,Tezu,IN,27.9167,96.1667,61.34,88,15,3.33,few clouds
273,Ocos,GT,14.5094,-92.1933,93.7,71,2,5.19,clear sky
274,Arman,RU,59.7,150.1667,-9.49,96,100,7.47,overcast clouds
275,Eureka,US,40.8021,-124.1637,54.18,96,0,3.0,clear sky
276,Kousseri,CM,12.0769,15.0306,80.56,17,59,5.75,dust
277,Gannan,CN,47.9147,123.5031,13.75,92,12,0.81,few clouds
278,Howard Springs,AU,-12.497,131.047,79.83,96,80,1.14,broken clouds
279,Juegang,CN,32.3174,121.1855,51.91,75,100,8.86,overcast clouds
280,Serenje,ZM,-13.2325,30.2352,70.52,35,5,5.73,clear sky
281,Fortuna,US,40.5982,-124.1573,54.36,70,75,1.01,broken clouds
282,Atar,MR,20.5169,-13.0499,74.05,9,80,10.0,broken clouds
283,Souillac,MU,-20.5167,57.5167,79.18,73,40,6.91,scattered clouds
284,Watertown,US,42.3709,-71.1828,43.34,42,1,8.01,clear sky
285,Severo-Kurilsk,RU,50.6789,156.125,29.73,60,96,22.44,overcast clouds
286,Nanortalik,GL,60.1432,-45.2371,17.17,51,93,2.17,overcast clouds
287,Kiama,AU,-34.6833,150.8667,62.01,93,100,1.01,overcast clouds
288,Constitucion,CL,-35.3333,-72.4167,64.04,63,0,6.71,clear sky
289,Zvenigovo,RU,55.9742,48.0181,18.55,75,100,17.02,light snow
290,Tsumeb,NA,-19.2333,17.7167,72.95,36,68,6.62,broken clouds
291,Sao Paulo De Olivenca,BR,-3.3783,-68.8725,87.01,65,88,3.53,overcast clouds
292,Touros,BR,-5.1989,-35.4608,85.1,66,19,14.97,few clouds
293,Buckeye,US,33.3703,-112.5838,74.39,27,100,9.22,overcast clouds
294,Straumen,NO,63.8709,11.2999,19.35,86,100,4.23,overcast clouds
295,Panaba,MX,21.2833,-88.2667,91.94,41,7,8.77,clear sky
296,Placido De Castro,BR,-10.3353,-67.1856,86.81,60,92,2.84,overcast clouds
297,Zhatay,RU,62.1594,129.8294,-44.95,66,90,0.0,fog
298,Providencia,MX,28.7167,-111.5833,80.85,49,0,13.27,clear sky
299,Olafsvik,IS,64.8945,-23.7142,35.17,63,73,10.71,light rain
300,Chapais,CA,49.7834,-74.8492,-4.22,84,80,11.63,broken clouds
301,Oshawa,CA,43.9001,-78.8496,30.06,58,90,5.75,overcast clouds
302,Roma,US,43.2128,-75.4557,35.11,85,90,8.05,light snow
303,Great Falls,US,47.5002,-111.3008,46.92,69,1,8.01,clear sky
304,Mitsamiouli,KM,-11.3847,43.2844,80.89,74,20,9.22,few clouds
305,Klaksvik,FO,62.2266,-6.589,34.72,68,100,5.14,overcast clouds
306,Salinas,US,36.6777,-121.6555,60.91,83,90,9.22,overcast clouds
307,Anloga,GH,5.7947,0.8973,84.42,79,9,9.69,clear sky
308,Namibe,AO,-15.1961,12.1522,73.02,58,7,10.83,clear sky
309,Hambantota,LK,6.1241,81.1185,77.34,100,20,3.44,few clouds
310,Campbell River,CA,50.0163,-125.2446,36.45,98,90,3.44,mist
311,Marsaxlokk,MT,35.8419,14.5431,60.08,70,1,31.97,clear sky
312,Iberia,US,29.9502,-91.7507,57.97,94,90,6.91,mist
313,Walvis Bay,NA,-22.9575,14.5053,65.35,68,1,5.75,clear sky
314,Guerrero Negro,MX,27.9769,-114.0611,68.72,57,0,5.03,clear sky
315,Kanturk,IE,52.1667,-8.9,43.81,86,100,35.84,overcast clouds
316,Miandrivazo,MG,-19.5167,45.4667,83.48,57,0,4.5,clear sky
317,Aleksandrovsk-Sakhalinskiy,RU,50.8975,142.1561,19.13,80,4,9.51,clear sky
318,Te Anau,NZ,-45.4167,167.7167,50.61,87,97,3.36,overcast clouds
319,Kaseda,JP,31.4167,130.3167,54.41,73,0,14.81,clear sky
320,Ayan,RU,56.45,138.1667,14.5,52,2,11.86,clear sky
321,Dunedin,NZ,-45.8742,170.5036,55.45,80,8,3.31,clear sky
322,Kisangani,CD,0.5167,25.2,73.15,96,100,3.29,overcast clouds
323,Teguise,ES,29.0605,-13.564,61.02,88,20,6.91,few clouds
324,Mayna,RU,54.1135,47.6231,20.97,74,100,16.55,overcast clouds
325,Mazyr,BY,52.0495,29.2456,21.88,93,100,10.54,overcast clouds
326,Flinders,AU,-34.5833,150.8552,64.2,86,100,11.83,overcast clouds
327,Belmonte,BR,-15.8631,-38.8828,81.1,74,75,11.48,moderate rain
328,Salalah,OM,17.0151,54.0924,75.29,38,0,5.75,clear sky
329,Raichur,IN,16.2,77.3667,73.27,57,29,5.93,scattered clouds
330,Geraldton,AU,-28.7667,114.6,68.41,88,0,8.05,clear sky
331,Ende,ID,-8.8432,121.6623,79.16,88,100,6.46,overcast clouds
332,Wonthaggi,AU,-38.6044,145.5913,55.71,68,65,10.96,broken clouds
333,Praya,CV,14.9215,-23.5087,77.54,65,75,20.71,broken clouds
334,Qingquan,CN,30.4511,115.2559,49.64,59,100,3.18,overcast clouds
335,Pucallpa,PE,-8.3791,-74.5539,86.04,62,75,3.44,broken clouds
336,Longyearbyen,SJ,78.2186,15.6401,31.84,74,75,20.71,broken clouds
337,Lovozero,RU,68.005,35.0117,-4.38,89,2,2.44,clear sky
338,Kuito,AO,-12.3833,16.9333,59.31,94,9,3.44,clear sky
339,Salym,RU,60.0625,71.4789,-7.46,97,81,5.28,broken clouds
340,Palmer,US,42.1584,-72.3287,41.61,48,75,3.0,broken clouds
341,Yuryevets,RU,57.3201,43.1041,26.94,94,100,21.34,snow
342,Musafirkhana,IN,26.3667,81.8,62.17,45,0,6.62,clear sky
343,Nago,JP,26.5881,127.9761,66.36,58,3,13.27,clear sky
344,Margate,GB,51.3813,1.3862,47.91,92,100,8.01,light rain
345,Novoagansk,RU,61.9449,76.6625,-1.44,97,98,10.25,overcast clouds
346,Nantucket,US,41.2835,-70.0995,45.97,52,100,11.12,overcast clouds
347,Narsaq,GL,60.9167,-46.05,17.82,68,62,6.82,broken clouds
348,Bijie,CN,27.3125,105.2942,43.57,91,100,6.87,overcast clouds
349,Kenai,US,60.5544,-151.2583,32.02,87,90,6.91,snow
350,Bonavista,CA,48.6499,-53.1147,59.11,89,100,32.84,moderate rain
351,Manta,EC,-0.95,-80.7333,76.78,83,90,12.66,overcast clouds
352,Sidi Ali,DZ,36.0998,0.4206,54.9,61,0,7.99,clear sky
353,Tulun,RU,54.5611,100.5792,17.76,92,100,2.35,overcast clouds
354,Marsh Harbour,BS,26.5412,-77.0636,79.57,76,28,10.49,scattered clouds
355,Merced,US,37.1666,-120.7516,56.44,96,97,1.54,overcast clouds
356,Mogadishu,SO,2.0371,45.3438,80.02,76,50,16.46,scattered clouds
357,Kununurra,AU,-15.7667,128.7333,78.78,89,100,12.66,overcast clouds
358,Tura,IN,25.5198,90.2201,62.76,87,0,3.27,clear sky
359,Boshnyakovo,RU,49.6333,142.1667,16.86,79,14,4.14,few clouds
360,Wajir,KE,1.7471,40.0573,85.96,54,1,0.0,clear sky
361,Fort Portal,UG,0.6617,30.2748,62.64,88,100,3.4,overcast clouds
362,Lagoa,PT,39.05,-27.9833,60.85,59,1,16.4,clear sky
363,Taloda,IN,21.5667,74.2167,71.85,59,0,3.2,clear sky
364,La Ronge,CA,55.1001,-105.2842,-7.35,64,20,4.61,few clouds
365,Ranot,TH,7.7777,100.3213,78.82,78,9,13.27,clear sky
366,Alice Springs,AU,-23.7,133.8833,72.95,49,83,8.05,broken clouds
367,Eyrarbakki,IS,63.863,-21.1481,34.84,74,56,9.4,light snow
368,Hay River,CA,60.8156,-115.7999,-11.22,70,40,6.91,scattered clouds
369,Coihaique,CL,-45.5752,-72.0662,79.41,31,0,4.61,clear sky
370,Umm Kaddadah,SD,13.6017,26.6876,75.76,19,0,14.09,clear sky
371,Dakar,SN,14.6937,-17.4441,77.88,65,10,9.22,clear sky
372,Kieta,PG,-6.2167,155.6333,79.23,88,100,3.2,light rain
373,Lodja,CD,-3.4833,23.4333,72.05,89,95,1.28,light rain
374,Portland,US,45.5234,-122.6762,54.43,95,100,1.99,overcast clouds
375,Acajutla,SV,13.5928,-89.8275,97.14,55,42,10.54,scattered clouds
376,Carlyle,US,38.6103,-89.3726,29.37,59,100,1.01,light snow
377,Mayor Pablo Lagerenza,PY,-19.9309,-60.7718,98.17,26,99,6.15,overcast clouds
378,Ruidoso,US,33.3317,-105.673,58.89,26,1,11.5,clear sky
379,Poum,NC,-20.2333,164.0167,81.12,75,0,8.14,clear sky
380,Bara,NG,10.3744,10.7288,78.89,20,32,8.08,scattered clouds
381,Kloulklubed,PW,7.0419,134.2556,75.7,73,71,5.86,broken clouds
382,Kaeo,NZ,-35.1,173.7833,67.32,97,58,4.47,broken clouds
383,Camp Verde,US,34.5636,-111.8543,62.87,26,100,3.65,overcast clouds
384,Gat,IL,31.61,34.7642,67.41,38,100,5.95,overcast clouds
385,Parrita,CR,9.5201,-84.3225,95.99,70,35,6.73,scattered clouds
386,Kavaratti,IN,10.5669,72.642,80.04,69,0,9.22,clear sky
387,Sitka,US,57.0531,-135.33,39.09,87,90,10.36,light rain
388,Areosa,PT,41.7178,-8.8571,54.66,66,100,16.51,overcast clouds
389,Alihe,CN,50.5667,123.7167,8.53,97,31,2.57,scattered clouds
390,Pangnirtung,CA,66.1451,-65.7125,12.2,67,90,2.3,light snow
391,Kaitangata,NZ,-46.2817,169.8464,51.55,87,30,2.42,scattered clouds
392,Victoria,HK,22.2855,114.1577,68.38,73,92,1.01,overcast clouds
393,Pombas,CV,17.1503,-25.0201,74.98,66,72,13.51,broken clouds
394,Shu,KZ,43.5983,73.7614,42.58,71,100,5.48,overcast clouds
395,Codrington,AU,-38.2667,141.9667,49.41,65,21,10.94,few clouds
396,Kongolo,CD,-5.3833,27.0,68.94,95,100,4.65,moderate rain
397,Iguape,BR,-24.7081,-47.5553,72.07,72,15,15.46,few clouds
398,Boa Vista,BR,2.8197,-60.6733,89.58,55,75,8.05,broken clouds
399,Ichinohe,JP,40.2069,141.3017,44.42,96,100,3.8,light rain
400,Youghal,IE,51.95,-7.8506,44.1,99,100,37.87,light rain
401,Itarema,BR,-2.9248,-39.9167,85.57,65,6,17.02,clear sky
402,Mayo,US,38.8876,-76.5119,45.23,40,1,5.01,clear sky
403,Tarakan,ID,3.3,117.6333,80.1,89,75,3.44,broken clouds
404,Teya,RU,60.3778,92.6267,10.36,96,100,1.68,light snow
405,Tagusao,PH,9.1924,117.8141,77.2,81,94,2.86,overcast clouds
406,Bowen,AU,-20.0167,148.2333,71.82,82,72,8.19,broken clouds
407,Lasa,IT,46.6166,10.7002,29.66,42,9,2.98,clear sky
408,Laguna,US,38.421,-121.4238,56.23,93,90,1.01,mist
409,Saint-Pierre,RE,-21.3393,55.4781,76.68,78,20,6.91,few clouds
410,Roald,NO,62.5833,6.1333,38.32,56,40,12.66,light rain
411,Am Timan,TD,11.0297,20.2827,84.79,18,89,5.32,overcast clouds
412,Itambacuri,BR,-18.0311,-41.685,75.78,90,84,3.4,broken clouds
413,Miri,MY,4.4148,114.0089,75.34,100,20,6.91,few clouds
414,Dovolnoye,RU,54.4958,79.6671,-2.47,99,94,8.08,overcast clouds
415,Penticton,CA,49.4806,-119.5858,31.41,83,75,9.22,broken clouds
416,Alofi,NU,-19.0595,-169.9187,75.09,88,100,10.36,overcast clouds
417,Jadu,LY,31.953,12.0261,46.24,42,0,8.77,clear sky
418,Sioux Lookout,CA,50.1001,-91.917,-1.82,78,75,8.05,light snow
419,Komsomolskiy,UZ,40.4272,71.7189,40.42,81,100,2.3,mist
420,Kulhudhuffushi,MV,6.6221,73.07,81.95,75,100,12.97,overcast clouds
421,Berlevag,NO,70.8578,29.0864,21.2,58,2,29.93,clear sky
422,Jacksonville,US,30.3322,-81.6556,75.06,75,75,1.01,broken clouds
423,Hamilton,US,39.1834,-84.5333,30.11,53,90,1.99,overcast clouds
424,Westport,US,41.1415,-73.3579,44.42,43,1,1.01,clear sky
425,Mahibadhoo,MV,3.7833,72.9667,81.59,80,62,10.07,broken clouds
426,Cidreira,BR,-30.1811,-50.2056,71.19,63,27,14.14,scattered clouds
427,Vizinga,RU,61.0749,50.1031,2.3,95,100,5.99,overcast clouds
428,Bintulu,MY,3.1667,113.0333,77.41,94,40,0.0,scattered clouds
429,Dalbandin,PK,28.8947,64.4101,54.5,21,0,7.11,clear sky
430,Gouyave,GD,12.1646,-61.7296,86.77,58,40,18.41,scattered clouds
431,Jiujiang,CN,29.7333,115.9833,53.65,56,100,11.34,overcast clouds
432,Killybegs,IE,54.6333,-8.45,44.31,88,100,16.58,overcast clouds
433,Bambous Virieux,MU,-20.3428,57.7575,79.05,73,40,6.91,scattered clouds
434,Burnie,AU,-41.0667,145.9167,45.28,77,100,6.8,overcast clouds
435,Kurilsk,RU,45.2333,147.8833,32.9,65,78,7.81,broken clouds
436,Lyskovo,RU,56.0328,45.0422,24.24,94,100,18.1,snow
437,Talnakh,RU,69.4865,88.3972,-11.79,98,100,5.99,overcast clouds
438,Egvekinot,RU,66.3167,-179.1667,-5.98,98,100,2.91,overcast clouds
439,Phan Thiet,VN,10.9333,108.1,71.83,88,100,3.6,overcast clouds
440,Grakhovo,RU,56.0502,51.9676,9.36,79,100,10.89,overcast clouds
441,Yulara,AU,-25.2406,130.9889,71.44,56,4,8.05,clear sky
442,Berdigestyakh,RU,62.0989,126.6992,-34.83,100,71,2.8,broken clouds
443,Correntina,BR,-13.3433,-44.6367,78.67,82,72,4.21,broken clouds
444,Coahuayana,MX,18.7333,-103.6833,94.48,31,1,5.77,clear sky
445,Puerto Cabezas,NI,14.0351,-83.3888,85.96,84,75,11.5,broken clouds
446,Brooks,CA,50.5834,-111.8851,18.23,92,99,1.14,overcast clouds
447,Royan,FR,45.6285,-1.0281,51.84,74,100,17.54,overcast clouds
448,Chalus,IR,36.655,51.4204,49.46,87,0,0.0,clear sky
449,Broken Hill,AU,-31.95,141.4333,55.11,54,0,18.41,clear sky
450,Rio Gallegos,AR,-51.6226,-69.2181,60.85,17,75,25.32,broken clouds
451,Manaure,CO,11.7751,-72.4445,91.51,46,65,24.23,broken clouds
452,Farcasa,RO,47.5833,23.3333,38.75,100,40,0.0,light rain
453,Evensk,RU,61.95,159.2333,5.38,96,100,5.99,snow
454,Harper,LR,4.375,-7.7169,80.33,82,5,7.96,clear sky
455,Salinopolis,BR,-0.6136,-47.3561,80.98,84,100,9.57,overcast clouds
456,Elban,RU,50.1018,136.5094,-1.32,98,64,3.67,broken clouds
457,Saskylakh,RU,71.9167,114.0833,-11.81,97,100,6.29,overcast clouds
458,Kozelsk,RU,54.0375,35.7716,32.29,99,100,5.59,light snow
459,Macae,BR,-22.3708,-41.7869,74.97,100,90,6.91,heavy intensity rain
460,Saint Anthony,US,45.0205,-93.218,17.92,80,90,3.0,light snow
461,Comodoro Rivadavia,AR,-45.8667,-67.5,61.48,65,0,15.84,clear sky
462,Novyy Urengoy,RU,66.0833,76.6333,-7.53,99,91,8.68,overcast clouds
463,Henties Bay,NA,-22.116,14.2845,62.85,90,0,5.82,clear sky
464,Belint,RO,45.755,21.7603,37.35,99,100,7.07,light rain
465,Rassvet,RU,46.8333,40.75,44.46,97,89,5.82,overcast clouds
466,Usinsk,RU,65.9939,57.5281,7.63,97,100,8.14,overcast clouds
467,Mumford,GH,5.2618,-0.759,80.83,84,4,10.29,clear sky
468,Caluquembe,AO,-13.7833,14.6833,61.45,94,100,3.89,light rain
469,Honiara,SB,-9.4333,159.95,77.85,93,100,0.87,overcast clouds
470,Asekeyevo,RU,53.5742,52.7972,10.2,88,100,5.5,overcast clouds
471,Pisco,PE,-13.7,-76.2167,71.02,78,20,10.36,few clouds
472,Ust-Kut,RU,56.7938,105.7672,29.64,90,100,7.18,overcast clouds
473,Sabha,LY,27.0377,14.4283,49.28,32,0,7.18,clear sky
474,Ratnagiri,IN,16.9833,73.3,75.2,76,0,4.27,clear sky
475,Gorele,TR,41.0308,39.0031,65.64,51,0,11.54,clear sky
476,Sao Joao Da Barra,BR,-21.6403,-41.0511,75.29,82,100,17.38,overcast clouds
477,Pale,BA,43.8161,18.5694,28.15,86,75,3.44,broken clouds
478,Asyut,EG,27.181,31.1837,66.38,27,100,13.85,overcast clouds
479,Lipari,IT,38.4674,14.954,57.33,55,7,29.57,clear sky
480,Kefamenanu,ID,-9.4467,124.4781,72.16,92,50,2.08,scattered clouds
481,Mitu,CO,1.1983,-70.1733,80.89,86,93,1.83,overcast clouds
482,Lishui,CN,28.4604,119.9103,46.96,85,88,1.92,overcast clouds
483,Ostrovnoy,RU,68.0531,39.5131,3.25,95,73,8.93,broken clouds
484,Matara,LK,5.9485,80.5353,76.41,88,95,6.62,overcast clouds
485,Longhua,CN,23.6137,114.1919,60.22,59,96,2.8,overcast clouds
486,Hami,CN,42.8,93.45,28.89,57,100,2.55,overcast clouds
487,Gorin,RU,51.1983,136.6669,-4.41,98,23,4.25,few clouds
488,Oistins,BB,13.0667,-59.5333,84.29,65,40,25.32,scattered clouds
489,Kalmunai,LK,7.4167,81.8167,77.31,81,81,5.82,broken clouds
490,Petropavlovsk-Kamchatskiy,RU,53.0452,158.6483,25.39,46,40,13.42,scattered clouds
491,Sume,BR,-7.6717,-36.88,92.52,25,21,11.72,few clouds
492,Vestmannaeyjar,IS,63.4427,-20.2734,34.79,86,40,16.11,light rain
493,Nhulunbuy,AU,-12.2333,136.7667,81.21,83,40,0.0,scattered clouds
494,Pringsewu,ID,-5.3582,104.9744,73.08,97,59,0.96,broken clouds
495,Luena,AO,-11.7833,19.9167,68.14,76,68,0.4,broken clouds
496,Sooke,CA,48.3746,-123.7276,45.97,97,73,12.66,broken clouds
497,Olavarria,AR,-36.8927,-60.3225,83.01,50,0,14.16,clear sky
498,Cherdyn,RU,60.403,56.4787,-7.26,100,100,2.57,overcast clouds
499,Mbeya,TZ,-8.9,33.45,63.37,73,95,5.17,overcast clouds
500,Korla,CN,41.7597,86.1469,29.03,50,99,2.24,overcast clouds
501,Adre,TD,13.4667,22.2,76.57,21,20,7.72,few clouds
502,Rincon,US,32.296,-81.2354,69.85,68,90,0.0,overcast clouds
503,San Jeronimo,PE,-11.9472,-75.2829,61.36,55,97,3.51,overcast clouds
504,Zabol,AF,32.25,67.25,39.29,24,0,5.5,clear sky
505,Ossora,RU,59.2353,163.0719,14.02,76,100,14.74,overcast clouds
506,Kayseri,TR,38.737,35.4968,55.42,35,0,27.63,clear sky
507,Jiangyou,CN,31.7667,104.7167,48.67,83,100,3.58,overcast clouds
508,Mosquera,CO,4.7059,-74.2302,68.09,37,40,11.5,scattered clouds
509,Jiayuguan,CN,39.8167,98.3,27.79,43,100,1.54,overcast clouds
510,Omsukchan,RU,62.5333,155.8,-24.38,96,100,5.32,overcast clouds
511,Uddevalla,SE,58.3478,11.9424,28.15,88,100,7.9,overcast clouds
512,Fort Abbas,PK,29.1925,72.8536,63.34,31,0,5.77,clear sky
513,Ust-Maya,RU,60.4167,134.5333,-39.53,100,49,1.28,scattered clouds
514,Colonia,DE,50.9333,6.95,42.35,75,0,16.11,clear sky
515,San Cristobal,VE,7.7669,-72.225,78.98,41,97,5.39,overcast clouds
516,Abay,KZ,49.6311,72.8539,19.78,99,87,3.91,overcast clouds
517,Tanout,NE,14.9709,8.8879,70.81,15,79,16.26,broken clouds
518,Viedma,AR,-40.8135,-62.9967,95.04,22,93,20.22,overcast clouds
519,Abu Samrah,SY,35.3029,37.1841,58.48,37,100,11.81,overcast clouds
520,Moron,AR,-34.6534,-58.6198,86.95,44,0,5.99,clear sky
521,Yelizovo,RU,53.1873,158.3805,26.74,46,40,13.42,scattered clouds
522,Conceicao Do Almeida,BR,-12.7794,-39.17,82.35,66,54,4.56,broken clouds
523,Nuuk,GL,64.1835,-51.7216,1.87,75,0,10.36,clear sky
524,Klyuchi,RU,52.2667,79.1667,8.13,95,98,8.55,overcast clouds
525,Andenes,NO,69.3143,16.1194,22.98,58,0,11.5,clear sky
526,Nouna,BF,12.7333,-3.8667,85.3,12,52,8.1,broken clouds
527,Mapiri,BO,-15.25,-68.1667,78.22,84,44,1.86,scattered clouds
528,Padang,ID,-0.9492,100.3543,78.08,84,98,3.62,light rain
529,Magdalena,PH,14.1999,121.429,78.12,72,25,12.35,scattered clouds
530,Male,MV,4.1748,73.5089,84.15,79,75,10.36,broken clouds
531,Hofn,IS,64.2539,-15.2082,31.33,56,7,9.46,clear sky
532,Beloha,MG,-25.1667,45.05,73.49,75,33,5.03,scattered clouds
533,Cocobeach,GA,1.0002,9.5823,80.56,84,100,6.04,light rain
534,Marrakesh,MA,31.6315,-8.0083,57.27,41,0,2.3,clear sky
535,Vostok,RU,46.4856,135.8833,5.86,89,6,4.85,clear sky
536,Rio Grande,BR,-32.035,-52.0986,77.11,60,8,15.14,clear sky
537,Fare,PF,-16.7,-151.0167,80.89,72,9,8.95,clear sky
538,Chateaubelair,VC,13.2833,-61.25,84.81,70,40,16.11,scattered clouds
539,Banjarmasin,ID,-3.3244,114.591,75.34,94,100,3.06,light rain
540,Matagami,CA,49.7502,-77.6328,-5.69,65,1,11.5,clear sky
541,Leua,SK,48.2156,18.6071,33.49,86,11,4.97,few clouds
542,Jamsa,FI,61.8642,25.19,0.28,99,86,2.62,overcast clouds
543,Savannah Bight,HN,16.45,-85.85,84.25,76,34,18.03,scattered clouds
544,Sangmelima,CM,2.9333,11.9833,73.92,78,20,1.39,few clouds
545,Ipixuna,BR,-1.7625,-48.8043,80.55,89,100,2.8,overcast clouds
546,Douglas,US,41.3,-96.167,42.03,46,1,8.01,clear sky
547,Dingli,MT,35.8614,14.3822,57.81,67,20,26.46,few clouds
548,Ilulissat,GL,69.2167,-51.1,10.54,81,100,5.7,overcast clouds
549,Feijo,BR,-8.1642,-70.3536,85.08,66,96,2.42,overcast clouds
550,Tautira,PF,-17.7333,-149.15,84.22,78,100,8.7,overcast clouds
551,Agadez,NE,19.75,10.25,61.95,21,5,11.74,clear sky
552,Alvaraes,BR,-3.2208,-64.8042,89.47,76,88,2.77,moderate rain
553,Didao,CN,45.3667,130.8,9.0,94,5,3.98,clear sky
554,Kushima,JP,31.4583,131.2333,49.21,79,0,4.63,clear sky
555,Lakes Entrance,AU,-37.8811,147.981,53.58,83,100,5.32,overcast clouds
556,Grand Gaube,MU,-20.0064,57.6608,79.2,70,5,5.01,clear sky
557,Puerto Baquerizo Moreno,EC,-0.9,-89.6,74.39,73,40,14.97,scattered clouds
558,Garden City,US,42.3256,-83.331,25.05,61,90,5.01,overcast clouds
559,Malaya Serdoba,RU,52.4661,44.9512,29.73,87,100,18.01,overcast clouds
560,Waipawa,NZ,-41.4122,175.5153,59.45,92,64,1.81,broken clouds
561,Pio Ix,BR,-6.8375,-40.5792,92.52,31,28,10.67,scattered clouds
562,Sakakah,SA,29.9697,40.2064,63.97,32,82,11.83,broken clouds
563,Suhbaatar,MN,50.2314,106.2078,3.02,97,33,1.92,scattered clouds
564,Iqaluit,CA,63.7506,-68.5145,6.53,72,75,4.61,broken clouds
565,Samut Sakhon,TH,13.5833,100.3,76.01,78,25,4.38,scattered clouds
566,Sobolevo,RU,54.4299,31.8996,18.66,95,100,8.72,overcast clouds
567,Chesma,RU,53.8111,60.6533,5.68,87,48,6.08,scattered clouds
568,Quixere,BR,-5.0742,-37.9886,93.38,41,58,16.13,broken clouds
569,Mezen,RU,65.8522,44.24,2.84,96,7,4.14,clear sky
570,Le Vauclin,MQ,14.5452,-60.8388,86.13,62,75,16.11,broken clouds
571,Port Lincoln,AU,-34.7333,135.8667,57.22,55,100,16.44,overcast clouds
572,Husavik,IS,66.0449,-17.3389,30.11,81,100,9.01,overcast clouds
573,Itauna,BR,-20.0753,-44.5764,70.81,80,27,6.71,scattered clouds
574,Southbridge,US,42.0751,-72.0334,41.88,54,100,1.99,overcast clouds
575,Soanierana Ivongo,MG,-16.9167,49.5833,74.71,86,5,1.59,clear sky
576,At-Bashi,KG,41.1702,75.8106,12.61,62,62,2.06,broken clouds
577,Sistranda,NO,63.7256,8.834,24.91,69,100,17.43,overcast clouds
578,Cabedelo,BR,-6.9811,-34.8339,86.67,69,24,14.92,few clouds
579,Bumba,CD,2.1833,22.4667,72.41,97,100,7.36,moderate rain
580,Imbituba,BR,-28.24,-48.6703,73.29,62,6,9.93,clear sky
581,Mvomero,TZ,-6.25,38.6667,75.15,89,100,2.93,overcast clouds
582,Bilibino,RU,68.0546,166.4372,-35.9,99,27,4.97,scattered clouds
583,Madimba,TZ,-10.4,40.3333,79.07,83,44,9.66,scattered clouds
584,Muzhi,RU,65.3667,64.6667,5.76,81,51,11.65,broken clouds
585,Mapastepec,MX,15.4333,-92.9,90.0,54,0,7.16,clear sky
586,Breves,BR,-1.6822,-50.4803,81.3,83,100,3.09,light rain
587,Akyab,MM,20.15,92.9,78.17,69,73,2.8,broken clouds
588,Reynosa,MX,26.0833,-98.2833,65.98,44,90,0.0,overcast clouds
589,Dwarka,IN,22.2394,68.9678,75.65,65,0,12.88,clear sky
590,Sekondi,GH,4.937,-1.7128,80.67,84,2,8.43,clear sky
591,Luan,CH,46.3592,6.9759,34.7,79,100,4.0,overcast clouds
592,Tukrah,LY,32.5341,20.5791,60.98,60,97,30.6,overcast clouds
593,Arona,ES,28.0996,-16.681,65.7,73,90,13.8,light rain
594,Hobyo,SO,5.3505,48.5268,78.26,70,89,15.17,overcast clouds
595,Port Hardy,CA,50.6996,-127.4199,47.75,93,90,17.27,light rain
596,Alencon,FR,48.4333,0.0833,47.19,80,100,13.0,overcast clouds
597,Ukiah,US,39.1502,-123.2078,62.04,86,90,3.44,overcast clouds
598,Ajaccio,FR,42.0,8.9167,48.69,87,0,5.75,clear sky
599,Ambilobe,MG,-13.2,49.05,77.0,67,0,6.15,clear sky
600,Gushi,CN,34.6425,109.5843,42.51,42,100,5.37,overcast clouds
601,Abbeville,FR,50.1,1.8333,45.5,89,100,21.77,overcast clouds
602,Yenagoa,NG,4.9247,6.2642,81.0,82,88,5.41,overcast clouds
603,Puerto Colombia,CO,10.9878,-74.9547,87.89,68,18,14.09,few clouds
604,Port-Gentil,GA,-0.7193,8.7815,81.05,80,80,10.2,broken clouds
605,Cape Coast,GH,5.1053,-1.2466,80.92,84,6,10.0,clear sky
606,Villazon,BO,-22.0866,-65.5942,60.4,49,81,5.21,broken clouds
607,Neepawa,CA,50.2289,-99.4664,6.82,81,7,10.16,clear sky
608,Yerbogachen,RU,61.2767,108.0108,2.68,98,100,1.74,overcast clouds
609,Samarai,PG,-10.6167,150.6667,80.62,80,56,4.83,broken clouds
610,Mardin,TR,37.3131,40.7436,47.89,43,100,9.69,overcast clouds
611,Sao Felix Do Xingu,BR,-6.6447,-51.995,75.11,98,100,1.88,heavy intensity rain
612,Prince Rupert,CA,54.3161,-130.3201,40.69,93,90,2.3,moderate rain
613,Yvetot,FR,49.6174,0.7581,44.56,93,100,12.91,light rain
614,Banjar,ID,-8.19,114.9675,78.66,84,91,3.71,overcast clouds
615,Flin Flon,CA,54.7682,-101.865,-18.56,69,1,5.75,clear sky
616,Rio Bananal,BR,-19.265,-40.3333,72.21,91,100,7.38,light rain
617,Avera,US,33.194,-82.5271,62.11,49,100,3.49,overcast clouds
618,Thinadhoo,MV,0.5333,72.9333,81.82,80,100,10.63,overcast clouds
619,Oussouye,SN,12.485,-16.5469,86.18,42,100,7.16,overcast clouds
620,Luang Prabang,LA,19.8856,102.1347,56.98,78,6,1.05,clear sky
621,Hrubieszow,PL,50.805,23.8925,21.36,94,100,7.81,overcast clouds
622,Anzio,IT,41.4853,12.6179,46.58,54,6,12.62,clear sky
623,Mantua,IT,45.1667,10.7833,42.49,87,31,1.99,scattered clouds
624,Tahoua,NE,14.8888,5.2692,84.18,11,0,6.91,clear sky
625,Port Hedland,AU,-20.3167,118.5667,80.65,89,99,5.75,overcast clouds
626,Myitkyina,MM,25.3833,97.4,63.93,99,100,1.48,overcast clouds
627,Carberry,CA,49.8689,-99.3602,6.66,85,30,10.96,scattered clouds
628,Fougamou,GA,-1.2154,10.5838,76.33,96,100,2.66,moderate rain
629,Kuytun,RU,54.3419,101.5036,15.12,89,100,1.79,overcast clouds
630,Gatehouse Of Fleet,GB,54.882,-4.1843,42.82,81,100,32.53,overcast clouds
631,Leh,IN,34.1667,77.5833,12.87,61,100,2.46,overcast clouds
632,Jalu,LY,29.0331,21.5482,57.92,43,35,15.28,scattered clouds
633,Lumby,CA,50.2498,-118.969,29.41,91,81,5.75,broken clouds
634,Baykit,RU,61.67,96.37,4.64,98,100,1.57,overcast clouds
635,Jiaozuo,CN,35.2397,113.2331,40.59,42,100,3.65,overcast clouds
636,Skibbereen,IE,51.55,-9.2667,42.6,76,99,37.18,light rain
637,Balkanabat,TM,39.5108,54.3671,51.66,45,0,11.43,clear sky
638,Antalaha,MG,-14.9003,50.2788,73.96,80,3,6.33,clear sky
639,Siilinjarvi,FI,63.0833,27.6667,5.02,85,90,6.91,light shower snow
640,Feicheng,CN,35.2606,117.9675,37.42,65,100,2.98,overcast clouds
641,Peniche,PT,39.3558,-9.3811,61.72,94,98,20.31,overcast clouds
642,Obo,CF,5.3998,26.4869,80.62,30,46,4.14,scattered clouds
643,Fort Saint James,CA,54.4333,-124.25,25.3,84,100,4.03,overcast clouds
644,Paka,MY,4.6374,103.4368,78.73,89,94,2.3,overcast clouds
645,Aranos,NA,-24.1333,19.1167,86.58,13,1,8.08,clear sky
646,Cascais,PT,38.6979,-9.4215,61.61,81,40,1.01,scattered clouds
647,Ada,US,43.4166,-116.1262,40.98,92,90,5.99,mist
648,San Cosme Y Damian,PY,-27.3167,-56.35,89.78,30,1,7.25,clear sky
649,Chico,US,39.7285,-121.8375,68.65,100,90,5.75,mist
650,Picton,AU,-34.1833,150.6,63.21,86,97,3.69,overcast clouds
651,Pietarsaari,FI,63.65,22.6833,10.89,79,45,2.86,scattered clouds
652,Katherine,AU,-14.4667,132.2667,79.12,78,49,4.61,scattered clouds
653,Petrolina De Goias,BR,-16.095,-49.3381,78.96,63,79,4.47,broken clouds
654,Belyy Yar,RU,53.6039,91.3903,33.69,72,0,13.42,clear sky
655,Callaway,US,30.153,-85.5699,68.0,88,90,3.0,overcast clouds
656,Maceio,BR,-9.6658,-35.7353,87.24,62,75,19.57,broken clouds
657,Nara,JP,34.6851,135.8049,56.48,72,100,12.3,light rain
658,Valdivia,CL,-39.8142,-73.2459,59.09,74,100,5.46,light rain
659,Santa Maria,BR,-29.6842,-53.8069,81.7,36,20,18.41,few clouds
660,Tilichiki,RU,60.4667,166.1,6.21,96,100,2.28,light snow
661,Auki,SB,-8.7676,160.7034,76.86,94,100,7.45,light rain
662,Taoudenni,ML,22.6783,-3.9836,66.78,18,84,11.88,broken clouds
663,Jian,CN,27.1172,114.9793,51.8,56,98,3.94,overcast clouds
664,San Pedro De Lloc,PE,-7.4328,-79.5058,74.57,65,60,13.33,broken clouds
665,Yumen,CN,40.2833,97.2,25.84,47,81,19.8,broken clouds
666,Khuzhir,RU,53.1939,107.3397,29.52,68,15,3.51,few clouds
667,Dauphin,CA,51.1494,-100.0502,8.74,66,1,17.27,clear sky
668,Finschhafen,PG,-6.6024,147.8681,80.08,77,100,1.66,overcast clouds
669,Bembereke,BJ,10.2283,2.6634,81.14,20,100,5.19,overcast clouds
670,Sabang,ID,5.8933,95.3214,82.06,73,11,17.25,few clouds
671,Okhotsk,RU,59.3833,143.3,-21.84,87,11,16.82,few clouds
672,Smithers,CA,54.7804,-127.1743,17.92,93,75,3.44,light snow
673,Matay,EG,28.419,30.7792,59.02,32,2,12.01,clear sky
674,San Joaquin,US,37.9333,-121.3011,56.39,94,97,2.37,overcast clouds
675,Tibiri,NE,13.5627,7.0485,80.94,14,0,6.91,clear sky
676,Misratah,LY,32.3754,15.0925,60.6,64,81,25.79,broken clouds
677,Rognan,NO,67.0953,15.3878,19.54,86,12,11.56,few clouds
678,Tirthahalli,IN,13.7,75.2333,65.32,75,0,4.79,clear sky
679,Mae Chan,TH,20.1467,99.8526,58.66,82,0,1.74,clear sky
680,Betanzos,ES,43.2804,-8.2147,52.18,78,75,1.99,broken clouds
681,Shankargarh,IN,25.1833,81.6167,61.72,50,0,5.93,clear sky
682,Filadelfia,US,39.9523,-75.1638,45.27,45,75,1.99,broken clouds
683,Gizo,SB,-8.103,156.8419,78.22,88,100,16.84,moderate rain
684,Ust-Nera,RU,64.5667,143.2,-47.18,98,76,2.95,broken clouds
685,Sajanan,TN,37.0573,9.2426,57.47,82,2,14.61,clear sky
686,Budogoshch,RU,59.2816,32.4707,6.15,98,89,4.74,overcast clouds
687,Shelburne,CA,44.0787,-80.2041,24.69,75,100,12.1,overcast clouds
688,Vagur,FO,61.4732,-6.8119,41.85,64,100,4.38,overcast clouds
689,Hanstholm,DK,57.1167,8.6167,34.75,96,100,26.33,overcast clouds
690,Ferrol,ES,43.4832,-8.2369,50.58,66,99,22.26,overcast clouds
691,Pokhara,NP,28.2333,83.9833,57.11,52,0,5.91,clear sky
692,Ishigaki,JP,24.3448,124.1572,69.69,64,80,21.92,broken clouds
693,Nanning,CN,22.8167,108.3167,50.45,45,0,2.91,clear sky
694,Wellington,NZ,-41.2866,174.7756,62.06,97,75,1.01,broken clouds
695,Tiarei,PF,-17.5333,-149.3333,84.22,77,100,9.48,overcast clouds
696,Donskoye,RU,45.4552,41.9741,44.73,88,13,19.06,few clouds
697,Kamenka,RU,51.3223,42.7678,33.75,96,100,16.89,overcast clouds
698,Amapala,HN,13.2922,-87.6539,93.6,46,93,3.8,overcast clouds
699,Coruripe,BR,-10.1256,-36.1756,82.62,68,86,16.78,overcast clouds
700,Havoysund,NO,70.9963,24.6622,22.08,72,1,19.04,clear sky
701,Ardakan,IR,32.31,54.0175,48.58,47,1,0.38,clear sky
702,Vanavara,RU,60.34,102.2797,12.83,96,100,2.13,light snow
703,Puerto Madryn,AR,-42.7692,-65.0385,92.93,28,100,30.53,overcast clouds
